Industry,Overall_Experience,Employees
Academic,"1 year or less",2
Academic,"11 - 20 years",6
Academic,"2 - 4 years",7
Academic,"5-7 years",4
Academic,"8 - 10 years",10
Accessibility,"11 - 20 years",1
Accessibility,"8 - 10 years",1
"Accounting, Banking & Finance","1 year or less",45
"Accounting, Banking & Finance","11 - 20 years",523
"Accounting, Banking & Finance","2 - 4 years",192
"Accounting, Banking & Finance","21 - 30 years",233
"Accounting, Banking & Finance","31 - 40 years",63
"Accounting, Banking & Finance","41 years or more",7
"Accounting, Banking & Finance","5-7 years",290
"Accounting, Banking & Finance","8 - 10 years",333
Actuarial,"1 year or less",1
Administration,"11 - 20 years",3
Administration,"31 - 40 years",1
Administration,"5-7 years",1
Administration,"8 - 10 years",3
"Aerospace and Defense","1 year or less",1
"Aerospace and Defense","11 - 20 years",7
"Aerospace and Defense","2 - 4 years",1
"Aerospace and Defense","21 - 30 years",2
"Aerospace and Defense","5-7 years",2
"Aerospace and Defense","8 - 10 years",3
"Affordable Housing Real Estate Development (nonprofit)","11 - 20 years",1
"Agriculture or Forestry","1 year or less",3
"Agriculture or Forestry","11 - 20 years",47
"Agriculture or Forestry","2 - 4 years",14
"Agriculture or Forestry","21 - 30 years",12
"Agriculture or Forestry","31 - 40 years",5
"Agriculture or Forestry","41 years or more",2
"Agriculture or Forestry","5-7 years",14
"Agriculture or Forestry","8 - 10 years",37
Airline,"11 - 20 years",1
AmeriCorps,"5-7 years",1
Analytics,"21 - 30 years",1
Analytics,"31 - 40 years",1
Analytics,"8 - 10 years",1
"Animal Caretaker","11 - 20 years",1
"Animal Health","11 - 20 years",2
"Animal Health","21 - 30 years",1
"Animal welfare","11 - 20 years",1
"Animal Welfare","21 - 30 years",1
"Animal Welfare","5-7 years",1
Animation,"8 - 10 years",1
Apparel,"11 - 20 years",1
Apparel,"21 - 30 years",1
Apparel,"41 years or more",1
Apparel,"8 - 10 years",1
Archaeology,"11 - 20 years",3
Archaeology,"31 - 40 years",1
Architecture,"11 - 20 years",15
Architecture,"2 - 4 years",4
Architecture,"21 - 30 years",6
Architecture,"5-7 years",4
Architecture,"8 - 10 years",7
Archives,"31 - 40 years",1
Archives,"5-7 years",3
Archives,"8 - 10 years",3
"Art & Design","1 year or less",4
"Art & Design","11 - 20 years",113
"Art & Design","2 - 4 years",53
"Art & Design","21 - 30 years",22
"Art & Design","31 - 40 years",2
"Art & Design","5-7 years",70
"Art & Design","8 - 10 years",85
"Association Management","2 - 4 years",1
"Association Management","5-7 years",1
"Association Management","8 - 10 years",1
"Auction House","1 year or less",1
"Auction house","8 - 10 years",1
"Auto Manufacture","21 - 30 years",1
Automotive,"11 - 20 years",8
Automotive,"2 - 4 years",1
Automotive,"21 - 30 years",3
Automotive,"31 - 40 years",1
Automotive,"5-7 years",3
Automotive,"8 - 10 years",2
Aviation,"11 - 20 years",1
aviation,"21 - 30 years",1
Aviation,"8 - 10 years",1
"Awards and engraving","21 - 30 years",1
"B2B Services ","21 - 30 years",1
"Background Screening","11 - 20 years",1
Beauty,"11 - 20 years",2
Beauty,"2 - 4 years",1
Beauty,"21 - 30 years",1
Beauty,"8 - 10 years",1
"Beauty Manufacturing & Education ","8 - 10 years",1
"Beer sales","21 - 30 years",1
"Behavioral Health","2 - 4 years",1
"Behavioral Health","21 - 30 years",1
"Behavioral Health","5-7 years",1
"Benefits Administration","11 - 20 years",2
Beverage,"11 - 20 years",1
Beverage,"5-7 years",1
"Beverage ","11 - 20 years",1
"Beverage & Spirits","11 - 20 years",1
"Bioinformatics ","11 - 20 years",1
Biology,"2 - 4 years",4
Biology,"8 - 10 years",2
"Biomedical Research","11 - 20 years",2
"Biomedical Research","2 - 4 years",2
"Biomedical Research","21 - 30 years",2
"Biomedical Research","5-7 years",2
"Biomedical Research","8 - 10 years",4
Biopharm,"5-7 years",1
"Bioscience Company","11 - 20 years",1
Biotech,"1 year or less",3
Biotech,"11 - 20 years",28
Biotech,"2 - 4 years",20
Biotech,"21 - 30 years",8
Biotech,"31 - 40 years",1
Biotech,"41 years or more",2
Biotech,"5-7 years",19
Biotech,"8 - 10 years",16
"Book Publishing","11 - 20 years",3
"Book Publishing","2 - 4 years",1
"Book publishing","21 - 30 years",1
"Book Publishing","5-7 years",1
"Brain research ","11 - 20 years",1
Brewing,"8 - 10 years",1
"Business or Consulting","1 year or less",34
"Business or Consulting","11 - 20 years",229
"Business or Consulting","2 - 4 years",138
"Business or Consulting","21 - 30 years",59
"Business or Consulting","31 - 40 years",21
"Business or Consulting","5-7 years",144
"Business or Consulting","8 - 10 years",146
Buyer,"11 - 20 years",1
"Call Centre","11 - 20 years",1
"Call Centre","21 - 30 years",1
"Cancer Research","31 - 40 years",1
Cannabis,"11 - 20 years",3
Cannabis,"5-7 years",2
Cannabis,"8 - 10 years",1
"Career & Technical Training","11 - 20 years",1
Caregiver,"11 - 20 years",1
"CBD Manufacturing","5-7 years",1
Chaplain,"11 - 20 years",1
Charity,"5-7 years",1
"Chemical Manufacturing","11 - 20 years",2
"Chemical Manufacturing","2 - 4 years",2
"Chemical Manufacturing","5-7 years",2
"Chemical Manufacturing","8 - 10 years",1
"Child Care","1 year or less",1
"Child Care","11 - 20 years",5
"Child Care","2 - 4 years",1
"Child Care","5-7 years",4
"Child Care","8 - 10 years",1
"Children's Book Wholesale","11 - 20 years",1
Church,"2 - 4 years",1
Church,"31 - 40 years",1
Church,"8 - 10 years",1
"Clean energy","11 - 20 years",1
"Clean energy","2 - 4 years",1
"Clean energy","5-7 years",1
"Clean energy","8 - 10 years",1
"Clinical Research","11 - 20 years",4
"Clinical Research","21 - 30 years",2
"Clinical Research","8 - 10 years",5
"Clinical Research ","2 - 4 years",1
"Clinical Research ","5-7 years",1
"Clinical Research ","8 - 10 years",1
Coaching,"21 - 30 years",1
"Coffee - Importing","8 - 10 years",1
"College Student","2 - 4 years",1
"Commercial Fisherman","8 - 10 years",1
"Commercial Furniture","5-7 years",1
"Commercial Landscaping ","21 - 30 years",1
"Commercial Real Estate","1 year or less",1
"Commercial Real Estate","11 - 20 years",3
"Commercial Real Estate","2 - 4 years",1
"Commercial Real Estate","21 - 30 years",1
"Commercial Real Estate","5-7 years",2
"Commercial Real Estate","8 - 10 years",1
"Commercial Research","11 - 20 years",1
"Commodities Trading","31 - 40 years",1
"Communication Research","5-7 years",1
Communications,"11 - 20 years",1
Communications,"2 - 4 years",2
Communications,"21 - 30 years",1
Communications,"31 - 40 years",1
Communications,"5-7 years",2
Communications,"8 - 10 years",1
"Community Foundation","21 - 30 years",1
"Community Foundation","5-7 years",1
Compliance,"11 - 20 years",1
Compliance,"8 - 10 years",2
Computing/Tech,"1 year or less",81
Computing/Tech,"11 - 20 years",1272
Computing/Tech,"2 - 4 years",488
Computing/Tech,"21 - 30 years",508
Computing/Tech,"31 - 40 years",90
Computing/Tech,"41 years or more",16
Computing/Tech,"5-7 years",722
Computing/Tech,"8 - 10 years",714
Conservation,"8 - 10 years",1
Construction,"1 year or less",1
Construction,"11 - 20 years",4
Construction,"2 - 4 years",5
Construction,"21 - 30 years",4
Construction,"5-7 years",1
Construction,"8 - 10 years",4
Consulting,"11 - 20 years",3
Consulting,"2 - 4 years",3
Consulting,"21 - 30 years",1
Consulting,"5-7 years",1
Consulting,"8 - 10 years",1
"Consumer Goods","1 year or less",1
"Consumer Goods","11 - 20 years",9
"Consumer Goods","2 - 4 years",1
"Consumer Goods","21 - 30 years",2
"Consumer Goods","5-7 years",2
"Consumer Goods","8 - 10 years",3
"Consumer Research","8 - 10 years",1
"Contact Center","11 - 20 years",1
"Content Review","11 - 20 years",1
"Contractor ","2 - 4 years",1
"Contractor ","21 - 30 years",1
"Contractor ","8 - 10 years",1
"Corporate sustainability ","11 - 20 years",1
"Corporate sustainability ","2 - 4 years",1
"Corporate sustainability ","21 - 30 years",1
"Corporate sustainability ","31 - 40 years",1
"Corporate Sustainability ","5-7 years",2
"Cosmetology ","31 - 40 years",1
Costruction,"8 - 10 years",1
Counselling,"5-7 years",2
CPG,"2 - 4 years",1
"Craft Beer Industry ","11 - 20 years",1
"Cultural Heritage","11 - 20 years",1
"Cultural Heritage","2 - 4 years",1
"Cultural Heritage","21 - 30 years",1
"Cultural Heritage","8 - 10 years",2
"Customer Service","11 - 20 years",3
"Customer Service","21 - 30 years",2
"Customer Service","5-7 years",4
"Data Analytics","2 - 4 years",1
"Data Analytics","8 - 10 years",1
"Data Breach","8 - 10 years",1
"Data Entry","8 - 10 years",1
"Database subscription services","41 years or more",1
"Defense Contractor","11 - 20 years",4
"Defense Contractor","2 - 4 years",1
"Defense Contractor","5-7 years",1
"Defense Contractor","8 - 10 years",3
"Defense Contractor ","5-7 years",1
"Delivery and installation for commercial machinery","11 - 20 years",1
"Diagnostic Medical Devices","2 - 4 years",1
"Digital Marketing","11 - 20 years",2
"Digital Marketing","5-7 years",1
"Digital Marketing","8 - 10 years",1
"Disability services ","8 - 10 years",1
Distribution,"11 - 20 years",2
Distribution,"21 - 30 years",1
"Diversity, Equity & Inclusion ","8 - 10 years",1
"DoD Contracting","11 - 20 years",1
"Drug development ","21 - 30 years",1
"E-Commerce ","11 - 20 years",3
"E-Commerce ","2 - 4 years",4
"E-Commerce ","21 - 30 years",2
"E-Commerce ","8 - 10 years",4
E-learning,"2 - 4 years",1
Eap,"8 - 10 years",1
"Early Education","2 - 4 years",1
"Earth sciences","2 - 4 years",1
"Ecology ","5-7 years",1
Economics,"11 - 20 years",1
"Education (Higher Education)","1 year or less",30
"Education (Higher Education)","11 - 20 years",912
"Education (Higher Education)","2 - 4 years",203
"Education (Higher Education)","21 - 30 years",300
"Education (Higher Education)","31 - 40 years",85
"Education (Higher Education)","41 years or more",10
"Education (Higher Education)","5-7 years",409
"Education (Higher Education)","8 - 10 years",465
"Education (Other)","11 - 20 years",10
"Education (Other)","2 - 4 years",3
"Education (Other)","21 - 30 years",5
"Education (Other)","31 - 40 years",1
"Education (Other)","5-7 years",4
"Education (Other)","8 - 10 years",2
"Education (Primary/Secondary)","1 year or less",15
"Education (Primary/Secondary)","11 - 20 years",325
"Education (Primary/Secondary)","2 - 4 years",71
"Education (Primary/Secondary)","21 - 30 years",107
"Education (Primary/Secondary)","31 - 40 years",36
"Education (Primary/Secondary)","41 years or more",1
"Education (Primary/Secondary)","5-7 years",111
"Education (Primary/Secondary)","8 - 10 years",157
"Education Consulting","11 - 20 years",1
"Education Consulting","8 - 10 years",1
"Emergency Management","11 - 20 years",1
Energy,"11 - 20 years",6
Energy,"21 - 30 years",3
Energy,"8 - 10 years",4
"Energy - Oil and Gas","11 - 20 years",1
"Energy - Oil and Gas","21 - 30 years",3
"Energy - Oil and Gas","8 - 10 years",3
Engineering,"8 - 10 years",1
"Engineering or Manufacturing","1 year or less",44
"Engineering or Manufacturing","11 - 20 years",521
"Engineering or Manufacturing","2 - 4 years",236
"Engineering or Manufacturing","21 - 30 years",173
"Engineering or Manufacturing","31 - 40 years",37
"Engineering or Manufacturing","41 years or more",8
"Engineering or Manufacturing","5-7 years",335
"Engineering or Manufacturing","8 - 10 years",264
Entertainment,"1 year or less",3
Entertainment,"11 - 20 years",73
Entertainment,"2 - 4 years",24
Entertainment,"21 - 30 years",32
Entertainment,"31 - 40 years",7
Entertainment,"41 years or more",1
Entertainment,"5-7 years",41
Entertainment,"8 - 10 years",40
"Entrepreneur high net worth ","21 - 30 years",1
"Environment - Oil and Gas","8 - 10 years",1
Environmental,"1 year or less",4
Environmental,"11 - 20 years",2
Environmental,"2 - 4 years",9
Environmental,"21 - 30 years",1
Environmental,"31 - 40 years",2
Environmental,"5-7 years",1
Environmental,"8 - 10 years",5
"Environmental Consulting","1 year or less",3
"Environmental Consulting","11 - 20 years",8
"Environmental Consulting","2 - 4 years",4
"Environmental Consulting","21 - 30 years",3
"Environmental Consulting","31 - 40 years",1
"Environmental Consulting","5-7 years",9
"Environmental Consulting","8 - 10 years",11
"Executive Search","11 - 20 years",1
"Executive Search","21 - 30 years",1
"Executive Search","8 - 10 years",1
Facilities,"5-7 years",2
Faith/spirituality,"2 - 4 years",1
"Family Office","21 - 30 years",1
"Family office ","11 - 20 years",1
Fashion,"2 - 4 years",1
Fashion,"5-7 years",1
"Fast food","1 year or less",1
"Fast Food","2 - 4 years",1
"Fast food","8 - 10 years",1
"Federal Contracting","11 - 20 years",1
"Federal Contracting","8 - 10 years",1
"Film Post-Production","5-7 years",1
Finance,"11 - 20 years",1
Finance,"21 - 30 years",1
Finance,"31 - 40 years",1
Finance,"5-7 years",2
Finance,"8 - 10 years",2
Fintech,"21 - 30 years",1
Fintech,"5-7 years",2
"Fire protection","8 - 10 years",1
Fitness,"11 - 20 years",2
Fitness,"21 - 30 years",2
Fitness,"8 - 10 years",1
"Fitness and Entertainment","21 - 30 years",1
"FMCG development","8 - 10 years",1
"FMCG development ","11 - 20 years",1
Food,"1 year or less",2
Food,"11 - 20 years",3
Food,"2 - 4 years",3
Food,"21 - 30 years",1
Food,"5-7 years",4
Food,"8 - 10 years",2
"Food & Nutrition","8 - 10 years",1
"Food and Beverage","11 - 20 years",1
"Food and Beverage","21 - 30 years",2
"Food and Beverage","8 - 10 years",3
"Food and Drink ","5-7 years",1
"Food Distribution","31 - 40 years",2
"Food Distribution","5-7 years",1
"Food Manufacturing","11 - 20 years",5
"Food Manufacturing","2 - 4 years",1
"Food Manufacturing","21 - 30 years",5
"Food Manufacturing","31 - 40 years",1
"Food Manufacturing","5-7 years",3
"Food Manufacturing","8 - 10 years",4
Forensics,"11 - 20 years",1
"Forklift Operator Warehouse","5-7 years",1
Freelance,"11 - 20 years",1
Freelance,"2 - 4 years",1
Fundraising,"11 - 20 years",2
Fundraising,"2 - 4 years",1
Fundraising,"21 - 30 years",2
Fundraising,"5-7 years",1
Fundraising,"8 - 10 years",1
"Funeral Service","11 - 20 years",3
"Funeral Service","21 - 30 years",1
"Funeral Service","8 - 10 years",2
Gambling,"11 - 20 years",1
Gambling,"8 - 10 years",1
"Game Development","11 - 20 years",1
"Game Development","5-7 years",1
"Game Development","8 - 10 years",1
Gaming,"2 - 4 years",2
"Gas & Oil","21 - 30 years",1
Geospatial,"11 - 20 years",1
"Global Health Consulting","21 - 30 years",1
"Global Mobility","8 - 10 years",1
Government,"11 - 20 years",1
Government,"5-7 years",1
Government,"8 - 10 years",1
"Government Affairs/Lobbying","11 - 20 years",1
"Government Affairs/Lobbying","2 - 4 years",1
"Government and Public Administration","1 year or less",21
"Government and Public Administration","11 - 20 years",693
"Government and Public Administration","2 - 4 years",165
"Government and Public Administration","21 - 30 years",257
"Government and Public Administration","31 - 40 years",76
"Government and Public Administration","41 years or more",7
"Government and Public Administration","5-7 years",295
"Government and Public Administration","8 - 10 years",339
"Government Contractor","11 - 20 years",7
"Government Contractor","21 - 30 years",3
"Government Contractor","31 - 40 years",1
"Government Contractor","5-7 years",3
"Government Contractor","8 - 10 years",4
"Government Relations","2 - 4 years",1
"Government Relations","21 - 30 years",1
"Government Relations","5-7 years",1
"Government Relations","8 - 10 years",3
"Govtech Software as a Service","2 - 4 years",1
"Graduate Student","8 - 10 years",2
"Grantwriting Consultants","11 - 20 years",1
"Grocery Distribution","11 - 20 years",2
"Grocery Distribution","2 - 4 years",1
Gyms,"11 - 20 years",1
"Hardware Manufacturing","5-7 years",1
"Health care","1 year or less",53
"Health care","11 - 20 years",611
"Health care","2 - 4 years",178
"Health care","21 - 30 years",247
"Health care","31 - 40 years",68
"Health care","41 years or more",11
"Health care","5-7 years",266
"Health care","8 - 10 years",335
Heritage,"11 - 20 years",1
Heritage,"2 - 4 years",1
Heritage,"5-7 years",1
"High End Outdoor Furniture Manufacturer ","11 - 20 years",1
"Higher Education","8 - 10 years",1
"Higher Education Fundraising","11 - 20 years",1
"Historic Preservation","11 - 20 years",1
Homemaker,"11 - 20 years",2
Horticulture,"11 - 20 years",1
Horticulture,"21 - 30 years",1
"Hospitality & Events","1 year or less",9
"Hospitality & Events","11 - 20 years",91
"Hospitality & Events","2 - 4 years",12
"Hospitality & Events","21 - 30 years",39
"Hospitality & Events","31 - 40 years",7
"Hospitality & Events","41 years or more",1
"Hospitality & Events","5-7 years",44
"Hospitality & Events","8 - 10 years",58
HRO,"11 - 20 years",1
"Human Capital Management","2 - 4 years",1
"Human Resources","11 - 20 years",2
"Human Resources","8 - 10 years",2
"Hybrid Nonprofit Higher Education (we are part of a university but our entire budget comes from grants)","11 - 20 years",1
Immigration,"8 - 10 years",1
"In-House Marketing","5-7 years",1
Indeed,"21 - 30 years",1
"Industrial Cleaning & Non Hazardous Transport","11 - 20 years",1
"Industrial Hygiene","8 - 10 years",1
"Industrial Supply","21 - 30 years",1
"Information Services","11 - 20 years",4
"Information Services","2 - 4 years",2
"Information Services","21 - 30 years",1
"Information Services","41 years or more",1
"Information Services ","21 - 30 years",1
"Instructional Design","11 - 20 years",1
"Instructional Design","21 - 30 years",1
"Instructional Design","8 - 10 years",1
Insurance,"1 year or less",8
Insurance,"11 - 20 years",167
Insurance,"2 - 4 years",41
Insurance,"21 - 30 years",91
Insurance,"31 - 40 years",24
Insurance,"41 years or more",1
Insurance,"5-7 years",82
Insurance,"8 - 10 years",96
Intelligence,"8 - 10 years",1
"Intergovernmental organization","11 - 20 years",1
"Interior Design & Architecture","2 - 4 years",1
"Interior Design & Architecture","21 - 30 years",1
"Interior landscaping ","8 - 10 years",1
"Intern ","1 year or less",1
"Internal Communications","11 - 20 years",1
"International defence","11 - 20 years",1
"International Development","11 - 20 years",1
"International Development","2 - 4 years",1
"International development","31 - 40 years",1
"International Development","5-7 years",1
"International development","8 - 10 years",3
"International Organisation","11 - 20 years",1
"International Organisation","8 - 10 years",1
Internet,"11 - 20 years",2
Investing,"11 - 20 years",1
IT,"11 - 20 years",3
IT,"2 - 4 years",1
IT,"21 - 30 years",1
IT,"5-7 years",3
IT,"8 - 10 years",2
Janitorial,"5-7 years",1
Journalism,"11 - 20 years",1
Journalism,"5-7 years",1
Journalism,"8 - 10 years",2
"Lab Science","11 - 20 years",1
"Laboratory research","5-7 years",1
Labour,"21 - 30 years",3
Labour,"5-7 years",2
Labour,"8 - 10 years",1
"Landed Estate","11 - 20 years",1
"Landscape Contracting","8 - 10 years",1
Landscaping,"2 - 4 years",1
Landscaping,"5-7 years",1
Landscaping,"8 - 10 years",1
"Language Services","5-7 years",2
"Large University Administration","8 - 10 years",1
"Laundry and Rental","11 - 20 years",1
Law,"1 year or less",17
Law,"11 - 20 years",263
Law,"2 - 4 years",112
Law,"21 - 30 years",80
Law,"31 - 40 years",32
Law,"41 years or more",7
Law,"5-7 years",192
Law,"8 - 10 years",182
"Law Enforcement & Security","1 year or less",2
"Law Enforcement & Security","11 - 20 years",18
"Law Enforcement & Security","2 - 4 years",6
"Law Enforcement & Security","21 - 30 years",5
"Law Enforcement & Security","5-7 years",3
"Law Enforcement & Security","8 - 10 years",8
"Learning and Development","8 - 10 years",2
"Legal Services","11 - 20 years",1
"Legal services","2 - 4 years",1
"Leisure, Sport & Tourism","1 year or less",4
"Leisure, Sport & Tourism","11 - 20 years",26
"Leisure, Sport & Tourism","2 - 4 years",12
"Leisure, Sport & Tourism","21 - 30 years",25
"Leisure, Sport & Tourism","31 - 40 years",1
"Leisure, Sport & Tourism","5-7 years",14
"Leisure, Sport & Tourism","8 - 10 years",12
Library,"1 year or less",3
Library,"11 - 20 years",47
Library,"2 - 4 years",14
Library,"21 - 30 years",16
Library,"31 - 40 years",6
Library,"5-7 years",23
Library,"8 - 10 years",33
"Library ","11 - 20 years",1
"Library ","2 - 4 years",1
"Library ","21 - 30 years",2
"Library ","5-7 years",3
"Library ","8 - 10 years",1
"Life Science","11 - 20 years",4
"Life Science","5-7 years",2
"Life Science","8 - 10 years",2
Literature,"11 - 20 years",1
Lobbying,"5-7 years",1
Lobbying,"8 - 10 years",1
Logistics,"11 - 20 years",1
"Low-Voltage Equipment","11 - 20 years",1
"Luxury Fashion","8 - 10 years",1
Maintenance,"11 - 20 years",1
Manufacturing,"11 - 20 years",18
Manufacturing,"2 - 4 years",1
Manufacturing,"21 - 30 years",16
Manufacturing,"31 - 40 years",3
Manufacturing,"41 years or more",4
Manufacturing,"5-7 years",4
Manufacturing,"8 - 10 years",11
Maritime,"5-7 years",1
Marketing,"11 - 20 years",5
Marketing,"2 - 4 years",5
Marketing,"21 - 30 years",1
Marketing,"5-7 years",5
"Marketing ","2 - 4 years",1
"Marketing, Advertising & PR","1 year or less",7
"Marketing, Advertising & PR","11 - 20 years",321
"Marketing, Advertising & PR","2 - 4 years",142
"Marketing, Advertising & PR","21 - 30 years",83
"Marketing, Advertising & PR","31 - 40 years",15
"Marketing, Advertising & PR","41 years or more",2
"Marketing, Advertising & PR","5-7 years",258
"Marketing, Advertising & PR","8 - 10 years",239
"Media & Digital","1 year or less",6
"Media & Digital","11 - 20 years",237
"Media & Digital","2 - 4 years",77
"Media & Digital","21 - 30 years",90
"Media & Digital","31 - 40 years",15
"Media & Digital","41 years or more",3
"Media & Digital","5-7 years",155
"Media & Digital","8 - 10 years",145
Medical,"11 - 20 years",3
Medical,"2 - 4 years",2
Medical,"21 - 30 years",5
Medical,"31 - 40 years",1
Medical,"5-7 years",6
Medical,"8 - 10 years",4
"Mental health","11 - 20 years",2
"Mental health","2 - 4 years",1
"Mental health","8 - 10 years",1
Military,"11 - 20 years",1
Military,"2 - 4 years",1
Military,"21 - 30 years",1
Military,"8 - 10 years",1
Mining,"11 - 20 years",4
Mining,"2 - 4 years",4
Mining,"21 - 30 years",1
Mining,"5-7 years",2
Mining,"8 - 10 years",1
Ministry,"31 - 40 years",1
Ministry,"5-7 years",2
Mortgage,"2 - 4 years",1
Mortgage,"5-7 years",1
Mortgage,"8 - 10 years",1
"Municipal library","21 - 30 years",1
Museum,"11 - 20 years",11
Museum,"2 - 4 years",2
Museum,"21 - 30 years",2
Museum,"5-7 years",5
Museum,"8 - 10 years",5
Music,"11 - 20 years",3
Music,"2 - 4 years",1
Music,"5-7 years",1
"National laboratory","5-7 years",1
"Natural Resources","5-7 years",2
Nonprofits,"1 year or less",21
Nonprofits,"11 - 20 years",856
Nonprofits,"2 - 4 years",224
Nonprofits,"21 - 30 years",246
Nonprofits,"31 - 40 years",45
Nonprofits,"41 years or more",9
Nonprofits,"5-7 years",450
Nonprofits,"8 - 10 years",516
"Nuclear Research","8 - 10 years",1
"Obligatory Military service","2 - 4 years",1
"Oceanography Research","2 - 4 years",1
"Office Administration","11 - 20 years",1
"Office Administration","5-7 years",1
"Oil and Gas","11 - 20 years",12
"Oil and Gas","2 - 4 years",2
"Oil and Gas","21 - 30 years",6
"Oil and Gas","5-7 years",4
"Oil and Gas","8 - 10 years",7
"Oilfield adjacent","5-7 years",1
"Online education","2 - 4 years",1
"Online Education","21 - 30 years",1
"Online Education","8 - 10 years",1
"Operational Training","1 year or less",1
"Operational Training","11 - 20 years",1
"Organizational Development ","11 - 20 years",1
"Organized Labor","11 - 20 years",1
"Organized Labor","8 - 10 years",1
"Outdoor industry","11 - 20 years",1
"Outsourcing Services ","11 - 20 years",1
"Outsourcing Services ","21 - 30 years",1
Parking,"11 - 20 years",1
"Parking ","8 - 10 years",1
"Patent translation","11 - 20 years",1
"Payment Processing","11 - 20 years",2
"Payroll Software","5-7 years",1
"Pension Benefit Administration","11 - 20 years",1
"Performing Arts","5-7 years",1
"Pest Control","2 - 4 years",1
"Pet care","11 - 20 years",3
"Pet care","21 - 30 years",1
"Pet care","5-7 years",1
"Pet care","8 - 10 years",1
Pharmaceutical,"1 year or less",4
Pharmaceutical,"11 - 20 years",30
Pharmaceutical,"2 - 4 years",16
Pharmaceutical,"21 - 30 years",14
Pharmaceutical,"31 - 40 years",4
Pharmaceutical,"5-7 years",12
Pharmaceutical,"8 - 10 years",10
Pharmaceutical/Biotechnology,"11 - 20 years",2
Pharmaceutical/Biotechnology,"2 - 4 years",1
Pharmaceutical/Biotechnology,"8 - 10 years",3
PhD,"2 - 4 years",1
Philanthropy,"11 - 20 years",5
Philanthropy,"2 - 4 years",3
Philanthropy,"5-7 years",1
Philanthropy,"8 - 10 years",4
"Physical sciences","11 - 20 years",1
Planning,"11 - 20 years",1
Plumbing,"41 years or more",2
"Policy research","5-7 years",1
"Political Campaigns","1 year or less",1
"Political Campaigns","11 - 20 years",2
"Political Campaigns","2 - 4 years",3
"Political Campaigns","21 - 30 years",1
"Political Campaigns","5-7 years",5
Politics,"11 - 20 years",1
Politics,"2 - 4 years",6
Politics,"5-7 years",2
Politics,"8 - 10 years",1
"Pre-primary education","8 - 10 years",1
"Preclinical Research","21 - 30 years",1
"Print / Mail","11 - 20 years",1
"Print Publishing","11 - 20 years",3
"Print publishing","21 - 30 years",1
"Print Publishing","31 - 40 years",1
"Print Publishing","8 - 10 years",1
"Private Equity","11 - 20 years",2
"Private Equity","5-7 years",1
Probiotics,"11 - 20 years",1
Procurement,"11 - 20 years",1
Procurement,"21 - 30 years",1
Procurement,"5-7 years",1
"Product Management","11 - 20 years",1
"Product Management","5-7 years",2
"Product Management ","8 - 10 years",1
"Professional Services","11 - 20 years",6
"Professional Services","2 - 4 years",1
"Professional Services","21 - 30 years",2
"Professional Services","31 - 40 years",1
"Professional Services","5-7 years",1
"Program Management ","8 - 10 years",1
"Project Management","11 - 20 years",2
"Property or Construction","1 year or less",10
"Property or Construction","11 - 20 years",138
"Property or Construction","2 - 4 years",29
"Property or Construction","21 - 30 years",54
"Property or Construction","31 - 40 years",20
"Property or Construction","41 years or more",2
"Property or Construction","5-7 years",62
"Property or Construction","8 - 10 years",65
"Protective coatings","11 - 20 years",1
Psychology,"11 - 20 years",1
Psychology,"8 - 10 years",1
"Public ","5-7 years",1
"Public Health Research","1 year or less",1
"Public Health Research","11 - 20 years",3
"Public Health Research","2 - 4 years",3
"Public Health Research","21 - 30 years",1
"Public Health Research","5-7 years",4
"Public Health Research","8 - 10 years",5
"Public Library","11 - 20 years",26
"Public Library","2 - 4 years",6
"Public Library","21 - 30 years",20
"Public Library","31 - 40 years",2
"Public Library","41 years or more",1
"Public Library","5-7 years",18
"Public Library","8 - 10 years",12
"Public Policy","2 - 4 years",1
"Public Policy","5-7 years",2
"Public Policy","8 - 10 years",1
Publications,"5-7 years",1
Publishing,"1 year or less",1
Publishing,"11 - 20 years",15
Publishing,"2 - 4 years",12
Publishing,"21 - 30 years",12
Publishing,"31 - 40 years",2
Publishing,"41 years or more",1
Publishing,"5-7 years",13
Publishing,"8 - 10 years",16
Purchasing,"8 - 10 years",1
"Quality Assurance","11 - 20 years",1
"Quality Assurance","2 - 4 years",1
"Real Estate","11 - 20 years",14
"Real Estate","2 - 4 years",7
"Real Estate","21 - 30 years",5
"Real Estate","31 - 40 years",1
"Real Estate","5-7 years",6
"Real Estate","8 - 10 years",9
"Real Estate ","1 year or less",1
"Real Estate ","11 - 20 years",2
Recruitment,"1 year or less",5
Recruitment,"11 - 20 years",138
Recruitment,"2 - 4 years",65
Recruitment,"21 - 30 years",35
Recruitment,"31 - 40 years",6
Recruitment,"41 years or more",2
Recruitment,"5-7 years",86
Recruitment,"8 - 10 years",108
"Regulatory Affairs","11 - 20 years",2
Religion,"11 - 20 years",2
Religion,"31 - 40 years",1
"Religion ","21 - 30 years",1
"Religious institute","11 - 20 years",2
"Religious institute","21 - 30 years",1
"Religious institute","5-7 years",1
"Religious institute","8 - 10 years",1
"Renewable Energy","11 - 20 years",5
"Renewable Energy","5-7 years",1
"Renewable Energy","8 - 10 years",2
"Renewable Energy ","21 - 30 years",1
"Repair facility for heavy duty trucks","11 - 20 years",1
Research,"1 year or less",3
Research,"11 - 20 years",16
Research,"2 - 4 years",17
Research,"5-7 years",9
Research,"8 - 10 years",9
"Research and Development","11 - 20 years",5
"Research and Development","2 - 4 years",2
"Research and Development","21 - 30 years",2
"Research and Development","41 years or more",1
"Research and Development","5-7 years",4
"Research and Development","8 - 10 years",1
"Research and Development ","5-7 years",1
Restaurant,"11 - 20 years",1
Restaurant,"2 - 4 years",1
Restaurant,"21 - 30 years",1
Restaurant,"5-7 years",3
Restaurant,"8 - 10 years",2
"Restaurant/Food Service","2 - 4 years",1
Retail,"1 year or less",13
Retail,"11 - 20 years",159
Retail,"2 - 4 years",48
Retail,"21 - 30 years",76
Retail,"31 - 40 years",14
Retail,"41 years or more",3
Retail,"5-7 years",90
Retail,"8 - 10 years",90
Retired,"21 - 30 years",1
Rideshare,"2 - 4 years",1
"Rural electrification","5-7 years",1
"Sailing Instructor","2 - 4 years",1
Sales,"1 year or less",5
Sales,"11 - 20 years",101
Sales,"2 - 4 years",27
Sales,"21 - 30 years",39
Sales,"31 - 40 years",10
Sales,"41 years or more",2
Sales,"5-7 years",44
Sales,"8 - 10 years",46
"Science ","11 - 20 years",9
"Science ","2 - 4 years",8
"Science ","21 - 30 years",2
"Science ","5-7 years",5
"Science ","8 - 10 years",5
"Science  ","2 - 4 years",1
"Science  ","8 - 10 years",2
Security,"11 - 20 years",1
Security,"2 - 4 years",1
Security,"8 - 10 years",1
Sell,"8 - 10 years",1
Service,"11 - 20 years",2
Service,"21 - 30 years",1
"Shared office space","31 - 40 years",1
"Sign Language Interpreter, Community","21 - 30 years",1
"Skilled trade ","11 - 20 years",1
"Small business/service company","5-7 years",1
"Social Work","1 year or less",13
"Social Work","11 - 20 years",83
"Social Work","2 - 4 years",41
"Social Work","21 - 30 years",23
"Social work","31 - 40 years",5
"Social Work","5-7 years",56
"Social Work","8 - 10 years",57
"Soft Drinks Manufacturing ","11 - 20 years",1
Software,"11 - 20 years",2
Software,"21 - 30 years",2
Software,"8 - 10 years",1
"Software as a Service","11 - 20 years",1
"Software as a Service","5-7 years",2
"Software as a Service","8 - 10 years",2
"Software Development","21 - 30 years",1
"Software Development","5-7 years",1
Soldier,"5-7 years",1
"Sourcing & Procurement","5-7 years",1
Space,"11 - 20 years",1
"Special Collections Library","8 - 10 years",1
"Specialist clothing","1 year or less",1
"Specialist policy consulting/research","1 year or less",1
"Staffing agency","1 year or less",4
"Staffing agency","11 - 20 years",10
"Staffing agency","2 - 4 years",5
"Staffing agency","21 - 30 years",4
"Staffing agency","5-7 years",9
"Staffing agency","8 - 10 years",6
"State and federal contractor","11 - 20 years",1
"State DOT","21 - 30 years",1
"State-level public transportation agency","31 - 40 years",1
"STEM research","11 - 20 years",1
"STEM Research","2 - 4 years",1
"STEM research","8 - 10 years",1
"Storage Facility ","5-7 years",1
Strategy,"5-7 years",1
Student,"1 year or less",2
"Subsidized Seniors Housing","8 - 10 years",1
"Summer camp","8 - 10 years",1
"Supply Chain","11 - 20 years",2
"Supply Chain","2 - 4 years",1
"Supply Chain","21 - 30 years",1
"Supply Chain","31 - 40 years",1
"Supply Chain","5-7 years",1
"Supply Chain ","8 - 10 years",1
"Support  professional","31 - 40 years",1
Surveying,"11 - 20 years",2
Surveying,"5-7 years",2
"Synthetic Chemical Manufacturing","11 - 20 years",1
"Tabletop Gaming","21 - 30 years",1
"Tabletop Gaming","8 - 10 years",1
"Tailoring Service","8 - 10 years",1
Technical,"11 - 20 years",2
Technical,"2 - 4 years",1
Technical,"21 - 30 years",1
Technical,"31 - 40 years",1
Telecommunication,"11 - 20 years",1
Telecommunication,"2 - 4 years",1
Telecommunication,"5-7 years",1
Testing,"5-7 years",1
"Textbook Copyeditor","5-7 years",1
Theatre,"11 - 20 years",1
"Think tank","11 - 20 years",1
"Think tank","5-7 years",1
Tourism,"2 - 4 years",1
Tourism,"5-7 years",1
Toxicology,"11 - 20 years",1
"Trade Association","11 - 20 years",2
"Trade Association","5-7 years",1
"Trade Association","8 - 10 years",2
Training,"11 - 20 years",3
Training,"31 - 40 years",1
Translation,"1 year or less",1
Translation,"11 - 20 years",4
Translation,"2 - 4 years",1
Translation,"21 - 30 years",3
Translation,"5-7 years",3
Translation,"8 - 10 years",6
"Transport or Logistics","1 year or less",5
"Transport or Logistics","11 - 20 years",101
"Transport or Logistics","2 - 4 years",32
"Transport or Logistics","21 - 30 years",43
"Transport or Logistics","31 - 40 years",10
"Transport or Logistics","41 years or more",1
"Transport or Logistics","5-7 years",37
"Transport or Logistics","8 - 10 years",62
Travel,"11 - 20 years",1
"Travel ","11 - 20 years",1
"Undergraduate student","1 year or less",1
Unions,"21 - 30 years",1
Unions,"5-7 years",1
Unions,"8 - 10 years",1
University,"5-7 years",1
"University research","2 - 4 years",1
"University research","5-7 years",2
Unknown,"1 year or less",3
Unknown,"11 - 20 years",20
Unknown,"2 - 4 years",8
Unknown,"21 - 30 years",15
Unknown,"31 - 40 years",3
Unknown,"5-7 years",13
Unknown,"8 - 10 years",8
"Urban Planning","11 - 20 years",1
"Urban Planning","2 - 4 years",1
"Urban Planning","5-7 years",1
"User Experience Research","11 - 20 years",1
"User Experience Research","2 - 4 years",2
"Utilities & Telecommunications","1 year or less",3
"Utilities & Telecommunications","11 - 20 years",129
"Utilities & Telecommunications","2 - 4 years",25
"Utilities & Telecommunications","21 - 30 years",49
"Utilities & Telecommunications","31 - 40 years",21
"Utilities & Telecommunications","41 years or more",1
"Utilities & Telecommunications","5-7 years",53
"Utilities & Telecommunications","8 - 10 years",56
Veterinary,"11 - 20 years",12
Veterinary,"21 - 30 years",6
Veterinary,"31 - 40 years",1
Veterinary,"5-7 years",5
Veterinary,"8 - 10 years",3
"Video games","11 - 20 years",3
"Video games","5-7 years",3
"Video games","8 - 10 years",2
"Virtual reality","1 year or less",1
"Virtual reality","11 - 20 years",1
Warehousing,"11 - 20 years",1
Warehousing,"21 - 30 years",2
Warehousing,"5-7 years",1
Warehousing,"8 - 10 years",3
"Waste Management","11 - 20 years",1
"Waste Management ","21 - 30 years",1
"Waste Management ","41 years or more",1
"Wealth advisor Research","8 - 10 years",1
Wholesale,"11 - 20 years",3
Wholesale,"21 - 30 years",2
Wholesale,"31 - 40 years",3
Wholesale,"41 years or more",1
Wholesale,"8 - 10 years",3
Wine,"11 - 20 years",3
Wine,"5-7 years",1
Wine,"8 - 10 years",1
Work-Study,"11 - 20 years",1
"Workforce development ","2 - 4 years",1
"Writing and journalism ","21 - 30 years",1
Zoo,"11 - 20 years",2
Zoo,"21 - 30 years",1
Zoo,"31 - 40 years",1
